{"total_net": 301.9219683245655, "percent_change": 0.96, "context": {"raise_stoploss_threshold": 1.018, "sell_stoploss_floor": 0.0019459692000906048, "stop_loss_percent": 0.0790408787663853, "max_delta": 4.446207087493016, "max_spread": 0.5297633047828023}}