{"total_net": 300.4420647167271, "percent_change": 0.96, "context": {"raise_stoploss_threshold": 1.018, "sell_stoploss_floor": 0.002, "stop_loss_percent": 0.08046269953140668, "max_delta": 4.463904407031408, "max_spread": 0.5}}