{"total_net": 319.84920816684524, "percent_change": 0.98, "context": {"raise_stoploss_threshold": 1.018, "sell_stoploss_floor": 0.0018549185933159136, "stop_loss_percent": 0.07815976559853766, "max_delta": 4.301997339889152, "max_spread": 0.5317748808144658}}