{"total_net": 310.36685583365573, "percent_change": 0.98, "context": {"raise_stoploss_threshold": 1.018, "sell_stoploss_floor": 0.0019146382139573104, "stop_loss_percent": 0.07690095885008785, "max_delta": 4.360664338688516, "max_spread": 0.5321409473291826}}