{"total_net": 309.9598175963502, "percent_change": 0.97, "context": {"raise_stoploss_threshold": 1.018, "sell_stoploss_floor": 0.0019292859892080971, "stop_loss_percent": 0.07664451592179745, "max_delta": 4.360664338688516, "max_spread": 0.528855636235874}}