{"total_net": 300.4420647167271, "percent_change": 0.96, "context": {"raise_stoploss_threshold": 1.018, "sell_stoploss_floor": 0.002, "stop_loss_percent": 0.08035825023462469, "max_delta": 4.446207087493016, "max_spread": 0.5289676021337568}}