{"total_net": 320.21559659116275, "percent_change": 0.98, "context": {"raise_stoploss_threshold": 1.018, "sell_stoploss_floor": 0.0018420563603044721, "stop_loss_percent": 0.07820098629060011, "max_delta": 4.301997339889152, "max_spread": 0.5467978622818727}}